{"cameraMode":{"drawMode":0,"name":"Shaded","section":"Shading Mode"},"sceneLighting":true,"audioPlay":false,"sceneViewState":{"m_AlwaysRefresh":false,"showFog":true,"showSkybox":true,"showFlares":true,"showImageEffects":true,"showParticleSystems":true,"showVisualEffectGraphs":true,"m_FxEnabled":true},"in2DMode":false,"pivot":{"x":2.9755024909973146,"y":0.11517369747161865,"z":3.6986184120178224},"rotation":{"x":0.03914933651685715,"y":0.2812257409095764,"z":-0.011484159156680107,"w":0.9587885737419128},"size":4.288285732269287,"orthographic":false}